word,count
वाक्यं,203
रामं,193
ददर्श,179
वाक्यम,178
राजा,176
तवया,171
तवां,164
दृष्ट्वा,162
पुनर,162
रामॊ,156
नाम,149
हय,148
पुनः,142
अर्हसि,142
रामस्य,137
रामः,137
सर्वं,136
राम,130
तवम,126
जगाम,123
वचनम,108
सीतां,107
राघवः,106
सीता,103
बभूव,100
रणे,96
वचः,93
वचनं,93
शरुत्वा,92
सर्वान,92
गतः,87
रावणः,86
अद्य,86
ऽपि,85
एतद,84
लक्ष्मणं,81
रावणं,80
शरीमान,78
वीर,76
रामेण,76
वनम,76
चकार,76
वने,75
लङ्कां,75
नः,75
राज्यं,75
येन,74
इह,74
रामम,74
परति,72
रक्षसां,72
राघव,72
महातेजा,72
समरे,72
यॊ,71
यत,70
धर्मात्मा,70
शीघ्रं,69
ये,68
तवाम,68
भूमौ,67
सहसा,67
परत्युवाच,66
एवं,66
परविवेश,65
पश्यामि,65
भवेत,65
वनं,65
राजन,64
ततस,63
किम,62
रावणॊ,62
आसाद्य,62
सौम्य,61
रावणस्य,61
राघवं,61
संशयः,61
मा,61
भरात्रा,60
इच्छामि,59
लक्ष्मणः,59
भवान,58
ययौ,58
सर्वम,58
कव,57
युद्धे,57
पश्य,57
तस्मिन,57
कुरु,57
वानराः,56
बलं,56
महाबलः,55
ऽयं,55
युधि,55
जग्राह,55
ऽहं,55
भरतं,55
तन,55
कश,54
तस्मात,54
कषिप्रं,54
विना,54
सवयम,54
ऽभवत,53
महत,52
हनूमान,52
कर्म,52
तेषां,52
अस्य,52
नित्यं,52
वैदेहीं,52
कच,51
काकुत्स्थ,51
यस्य,51
लॊके,51
पपात,50
के,50
अब्रवीद,50
पुरीं,50
कर्तुम,49
सर्वतः,49
समन्ततः,49
कषिप्रम,49
वीर्यवान,49
साधु,49
सीतया,49
आगतः,49
ऽसमि,49
तात,48
गत्वा,48
तस्माद,48
ददौ,48
लक्ष्मण,48
महात्मनः,47
भद्रं,47
भव,47
तच,47
पराञ्जलिर,46
ताम,45
हनुमान,45
भरतः,45
नॊ,44
पुरा,44
राघवम,44
घॊरं,44
कृतम,44
काले,44
पितुर,44
सुग्रीवं,44
सुग्रीवॊ,44
भरातरं,43
मध्ये,43
आदाय,43
भयं,43
अयं,43
सर्वा,43
गमिष्यामि,43
महद,42
पितरं,42
वेगेन,42
कॊ,42
उभौ,42
उत्तमम,41
वैदेह्या,41
संयुगे,41
महान,41
सदा,41
दृश्यते,41
कार्यं,41
कृतं,41
महता,40
अथ,40
पुत्रॊ,40
पराप्य,40
तथैव,40
पिता,40
अर्हति,40
परं,40
चाप्य,40
चिन,39
आस्थाय,39
राघवॊ,39
दरष्टुम,39
लङ्काम,39
नु,39
लक्ष्मणॊ,39
यः,38
सः,38
शृणु,38
राक्षसान,38
राक्षसं,38
तेजसा,38
तानि,38
महाबाहॊ,38
सौमित्रे,38
भुवि,38
असि,37
उक्त्वा,37
अत्र,37
पुत्रं,37
चक्रे,37
सार्धं,37
वाली,37
सहस्रशः,37
वैदेही,36
चेदम,36
मयि,36
कौसल्या,36
उपागमत,36
महायशाः,36
तस्थौ,36
रामाय,36
अयॊध्यां,36
राघवस्य,36
लक्ष्मणेन,36
इच्छसि,36
वीरॊ,36
ऽयम,35
मैथिली,35
तयक्त्वा,35
वानरान,35
भयम,35
जग्मुर,35
लङ्का,35
चन,35
ऽदय,35
महातेजाः,34
यन,34
हत्वा,34
जीवितम,34
राक्षसानां,34
पराणान,34
उपचक्रमे,34
आत्मनः,34
वृतः,34
सथितः,34
अप्य,34
वापि,34
कथम,34
राक्षसाः,34
रामे,34
विभीषणः,34
वीरः,34
करुद्धॊ,34
सुग्रीवः,34
भूत्वा,33
यस,33
सीताम,33
गच्छ,33
भर्तारं,33
जीवितं,33
महात्मना,33
दरष्टुं,33
सुखं,33
मुमॊच,33
कस्य,33
भूयः,32
वानरः,32
आरुरॊह,32
नास्ति,32
गतॊ,32
रघुनन्दन,32
चिन्तयाम,32
देवि,32
ननाद,32
वयं,31
मन्ये,31
शीघ्रम,31
अस्मिन,31
गृहीत्वा,31
आह,31
भार्या,31
राक्षसः,31
बलम,31
चिक्षेप,31
दिशः,31
एवम,31
तवयि,31
ऽथ,31
हनूमन्तं,31
मनसा,31
वाचा,31
शरणं,31
सयाद,31
एते,30
वयम,30
ऽसि,30
दिशॊ,30
निपपात,30
शिरसा,30
वक्तुम,30
देवी,30
वानराणां,30
चिच्छेद,30
महाकपिः,29
परमं,29
हरयॊ,29
बभूवुर,29
मनः,29
भर्ता,29
ऽसय,29
अथाब्रवीत,29
तावद,29
पुरस्कृत्य,29
सुखम,29
दिव्यं,29
तपसा,29
परुषं,29
वीरौ,29
जघान,28
पुरी,28
पूर्वं,28
परियं,28
दिशम,28
पराप्तं,28
राजानं,28
नैव,28
कृतः,28
भरतॊ,28
रावणेन,28
भृशम,28
सर्वशः,28
एतत,27
धर्मेण,27
सत्यं,27
चक्रुर,27
भगवान,27
पराप्तॊ,27
सीते,27
युक्तं,27
अब्रुवन,27
रामस,27
सवं,27
दुःखं,27
शरैः,27
या,26
महाबलम,26
तूर्णं,26
शरिया,26
रामलक्ष्मणौ,26
अनेन,26
हतः,26
साध्व,26
परययौ,26
भराता,26
रथं,26
सर्वैर,26
धर्मं,26
वशम,26
कपिः,26
सर्वाणि,26
भृशं,26
दृष्टा,26
कृता,26
सर्वाः,26
नदीम,26
भूयॊ,25
इमं,25
विशेषतः,25
वानरा,25
भरातरौ,25
गन्तुम,25
सर्वेषां,25
दिष्ट्या,25
वरम,25
रूपं,25
वर्तते,25
चास्य,25
बहुभिर,25
विवेश,25
समीक्ष्य,25
धर्मम,25
आत्मानं,25
सवयं,25
युद्धं,25
आगम्य,25
वॊ,25
मुहुर,25
लॊकेषु,25
लेभे,25
अनुत्तमम,25
कैकेयी,25
पलवंगमाः,25
कर्तुं,24
समासाद्य,24
पादौ,24
नात्र,24
दश,24
मैथिलीं,24
ऽसतु,24
लक्ष्मणस्य,24
परेक्ष्य,24
लक्ष्मणम,24
मारुतात्मजः,24
विश्वामित्रॊ,24
करुद्धः,24
शरैर,23
आजगाम,23
धनुः,23
परियम,23
मैथिलीम,23
करियतां,23
केन,23
परतिजग्राह,23
गृह्य,23
ऽसौ,23
सैन्यं,23
वरं,23
वरः,23
अद्यैव,23
कुरुष्व,23
ददृशुर,23
पुत्र,23
हन्तुं,23
लॊकान,23
करिष्यामि,23
ऽबरवीत,23
उत्पपात,23
राज्यम,23
परगृह्य,23
विश्वामित्रं,23
विद्यते,23
एनं,23
पुरीम,23
मुहूर्तम,22
उवाचेदं,22
पापं,22
गच्छति,22
नूनं,22
दशरथॊ,22
राक्षसा,22
उत्सहे,22
हतॊ,22
गता,22
भार्यां,22
सर्वतॊ,22
रथम,22
महीतले,22
राजानम,22
जञात्वा,22
किमर्थं,22
कार्यम,22
गमिष्यसि,22
जानकी,22
विद्धि,22
राक्षसेन्द्रस्य,22
सुतः,22
ददृशे,22
नरश्रेष्ठ,22
अस्त्रं,22
आसुर,22
गतिम,22
सयात,22
राक्षसैर,22
वचॊ,22
हितं,21
सदृशं,21
दातुम,21
संख्ये,21
मूर्ध्नि,21
वालिनं,21
समेत्य,21
बली,21
मनॊ,21
पित्रा,21
खलु,21
कः,21
हतं,21
महाबाहुर,21
भवेद,21
जनकात्मजाम,21
रावणम,21
एकॊ,21
सथितम,21
रुधिरं,21
अयम,21
काकुत्स्थं,21
राज्ञॊ,21
ऽहम,21
चरणौ,21
तरिषु,21
राज्ये,21
सत्रियः,21
गतिः,21
वैदेहि,20
पृथिवीं,20
विललाप,20
बभौ,20
ताव,20
ऽपय,20
सुमहान,20
पथि,20
लॊकस्य,20
यद्य,20
का,20
इयं,20
वत्स,20
सर्वभूतानां,20
हरीन,20
तेजस्वी,20
बाणैर,20
हृष्टा,20
परम,20
शक्यं,20
एषा,20
विभीषणम,20
कुशलं,20
निशाचरः,20
धि,20
नयवेदयत,20
राक्षसैः,20
मुहूर्तं,19
यच,19
सर्व,19
देशं,19
सुतम,19
भरातुर,19
भर्तारम,19
रम्यं,19
पुत्रम,19
राक्षसॊ,19
हृष्टाः,19
अन्ये,19
गमिष्यति,19
यथासुखम,19
कुम्भकर्णॊ,19
मेदिनीम,19
रक्षसाम,19
भविष्यसि,19
विविधान,19
दुःखम,19
शुश्राव,19
बहु,19
सागरं,19
वः,19
ऊचुः,19
हनूमन्तम,19
कालॊ,19
आगतम,19
पावकः,19
गतिं,19
करिष्यति,19
संक्रुद्धॊ,19
हा,19
रॊचते,19
धनुर,19
आहवे,19
परभॊ,19
मातरं,18
नाम्ना,18
पूर्वम,18
सवां,18
पुनस,18
कं,18
तैर,18
धरणीतले,18
राज्ञा,18
बुद्ध्या,18
आसीद,18
चाब्रवीत,18
महात्मा,18
पृथिव्यां,18
बरूहि,18
धर्मे,18
गताः,18
राक्षसाधिपः,18
परंतपः,18
निहतं,18
परंतप,18
ददृशुस,18
ददृशुः,18
वानरैः,18
नामतः,18
परजाः,18
हन्तुम,18
रक्षांसि,18
धीमतः,18
दुःखेन,18
वैदेहीम,18
सुग्रीवम,18
वीरं,18
दरक्ष्यसि,17
आशु,17
तिष्ठ,17
ताः,17
देव,17
कौसल्यां,17
उपस्थितम,17
ऽसमिन,17
सत्यम,17
अरिंदम,17
वसिष्ठॊ,17
सथिताः,17
चतुर्दश,17
वक्त्रं,17
भर्तुर,17
जगत,17
महात्मानं,17
महाबाहुः,17
दिशं,17
तयॊर,17
परीतॊ,17
इवाम्बरम,17
घॊरा,17
अर्हथ,17
सागरम,17
कुरुते,17
काकुत्स्थः,17
जनकात्मजा,17
ऽसति,17
विव्याध,17
उक्तं,17
सुता,17
ऽतर,17
तस्मै,17
पितुः,17
सथातुं,17
मही,16
कदा,16
निर्जगाम,16
आचचक्षे,16
भवनं,16
पुरे,16
विश्रुतः,16
पुष्पकं,16
पप्रच्छ,16
सर्वेषु,16
हृता,16
तेषाम,16
तिष्ठति,16
सर्वभूतानि,16
राघवौ,16
फलं,16
इच्छति,16
मधुरं,16
मतिं,16
सथिता,16
कर्तव्यं,16
वृतॊ,16
आससाद,16
बरह्मन,16
सौमित्रिर,16
च;,16
धर्मज्ञ,16
बिभेद,16
पतिता,16
पर्वतः,16
तया,16
बाहुभ्यां,16
सुग्रीव,16
मतिः,16
शरान,16
जहि,16
विचचार,16
मुहुः,16
वयक्तं,16
कन्या,16
परभुः,16
परमप्रीतॊ,16
परेषयाम,16
पातयाम,16
समाहिताः,16
रक्षसः,16
रक्षसा,16
महाबलाः,16
शरूयतां,16
भीमं,16
सवस्ति,16
शरॊतुम,16
निशाचराः,16
दिवम,15
दिवं,15
गिरा,15
अतुलं,15
अस्ति,15
वधं,15
चात्र,15
तूर्णम,15
पृष्ठतॊ,15
सवर्गं,15
जनः,15
कदनं,15
रतः,15
पुत्रः,15
राक्षसी,15
दक्षिणां,15
परीतिं,15
राज्ञः,15
कर्मणा,15
दीना,15
निपेतुर,15
हते,15
रूपम,15
कषितौ,15
मन्यसे,15
सेना,15
सौमित्रिम,15
भविष्यन्ति,15
अभिवाद्य,15
हृदि,15
यथान्यायं,15
रामश,15
मुनिः,15
नित्यम,15
वासवः,15
किष्किन्धां,15
समागम्य,15
उद्यम्य,15
बुद्धिं,15
अङ्गदं,15
तपः,15
पारं,15
हृष्टॊ,15
वक्ष्यामि,15
राघवाय,15
ययुः,15
नयवेदयन,15
शुभं,15
परया,15
सवेन,15
ऊचुर,15
तस्या,15
सर्वथा,15
रराज,15
घॊरैर,15
शतं,15
नरव्याघ्र,15
यूथपः,15
जीवितुम,15
यावत,15
सवम,15
ऽबरवीद,15
वसिष्ठं,15
पृष्ठतः,15
वीर्यं,15
करॊधाद,15
बहवॊ,15
मेने,15
विहाय,15
विधिवत,14
दृश्यन्ते,14
वासं,14
आश्रित्य,14
दिवि,14
देशे,14
अलं,14
सुग्रीवेण,14
पराणांस,14
लॊकानां,14
पराह,14
महामुनिः,14
शरूयते,14
पुनश,14
तैः,14
शरेष्ठॊ,14
निशम्य,14
हृदयं,14
उत्तरम,14
सीतायाः,14
परिष्वज्य,14
राघवे,14
फलम,14
चचार,14
तावत,14
वृत्तं,14
भरतस्य,14
तत्त्वतः,14
शत्रुघ्नॊ,14
बहुधा,14
भूतानि,14
तीव्रं,14
तीक्ष्णैर,14
हनूमतः,14
तरसा,14
महातपाः,14
आस्थितः,14
वशे,14
वेश्म,14
शेते,14
दर्शयाम,14
युक्तॊ,14
शुभम,14
पर्वतम,14
शक्या,14
इतः,14
दत्तं,14
जयेष्ठं,14
तरिदिवं,14
परहसन,14
परस्परम,14
सूतं,14
परत्यभाषत,14
चिच,14
सुदारुणम,14
सीताया,14
विश्वामित्रम,14
अभ्यधावत,14
नाहं,14
अभिदुद्राव,14
वीरा,14
भूयस,13
एतन,13
महतीं,13
देशम,13
सहिता,13
कथाः,13
सुरासुरैः,13
महात्मानॊ,13
करुणं,13
उद्दिश्य,13
परत्यदृश्यत,13
महीं,13
सर्वांस,13
उत्थाय,13
ववर्ष,13
सततं,13
परणम्य,13
दशरथस्य,13
शुशुभे,13
अत्यर्थं,13
उत्तरं,13
परतिभाति,13
तारा,13
कुम्भकर्णं,13
दीनॊ,13
मुदा,13
निहत्य,13
गतम,13
बहुभिः,13
ददामि,13
विमानं,13
यस्यार्यॊ,13
सुमहद,13
समुद्रस्य,13
मुनिं,13
कैकेय्या,13
शनैर,13
पाणिना,13
अतॊ,13
संग्रामे,13
भवतु,13
सतां,13
भवति,13
तपस,13
संहृष्टा,13
भद्रे,13
कृत्स्नं,13
विविधैर,13
परिघं,13
तान्य,13
शॊकेन,13
देवं,13
काकुत्स्थॊ,13
नराः,13
वधार्थं,13
गृहं,13
यज्ञं,13
कृते,13
नित्यशः,13
रक्षः,13
वधाय,13
जहार,13
सरितां,13
आवृत्य,13
वायुर,13
चान्ये,13
देवाः,13
पर्यवारयन,13
यॊजनानां,13
गतिर,13
भार्यया,13
रघुनन्दनः,13
ऽनुमते,13
नदीं,13
समुद्रं,13
सहिताः,13
पत्नी,12
चक्रिरे,12
यं,12
अस्तु,12
जातॊ,12
तत्त्वम,12
दशरथः,12
एतौ,12
अभवत,12
अन्यॊन्यम,12
रामेति,12
हरियूथपाः,12
बभञ्ज,12
पुरं,12
सती,12
सन,12
सुग्रीवस्य,12
अयॊध्यायां,12
शंस,12
नगरीं,12
हुताशनम,12
वेगं,12
कर्ता,12
आसीत,12
अपूजयन,12
दीप्तं,12
चक्रुः,12
वयसनं,12
बलेन,12
वसति,12
माता,12
शिरस्य,12
अब्रवीन,12
अग्रतः,12
इमाम,12
करिष्यसि,12
परदास्यामि,12
बरवीमि,12
परविश्य,12
परसादं,12
पराञ्जलिः,12
दवे,12
राघवेण,12
धर्मॊ,12
आश्रमम,12
रावणिः,12
एकं,12
चक्षुषा,12
विपुलं,12
धरुवं,12
लभते,12
कुले,12
बुद्धिर,12
भगवन,12
अयॊध्याम,12
बाढम,12
हन्ति,12
परहर्षम,12
एकेन,12
नृप,12
पुरंदरः,12
परविष्टॊ,12
करॊधम,12
सागरे,12
पन्थानम,12
इतॊ,12
मतिम,12
बहून,12
वर,12
देवानां,12
मायया,12
कृताञ्जलिर,12
कृतॊ,12
राक्षस,12
विश्वकर्मणा,12
रक्षॊ,12
शेषं,12
चिरं,12
आगता,12
नव,12
यावद,12
धीमता,12
उत्सृज्य,12
ईदृशम,12
आजघान,12
ऋषीणां,12
पावकम,12
ता,12
महाभागा,12
सुराः,12
दर्शनम,12
बभाषे,12
शरूयताम,12
ऽभवद,12
नृपम,12
कुम्भकर्णस्य,11
महातेजास,11
तेषु,11
समुपचक्रमे,11
अस्तं,11
विसृज्य,11
समाहितः,11
निबॊध,11
तीरे,11
तेपे,11
सहितॊ,11
परभृति,11
भर्तुः,11
आख्यातुम,11
राजंस,11
अभूत,11
पश्यसि,11
पुरुषर्षभ,11
मधुरां,11
हित्वा,11
दत्त्वा,11
जीवन,11
नेह,11
दशरथं,11
जीवति,11
सेनां,11
आरॊप्य,11
तवय्य,11
देवीं,11
विस्मयं,11
समन्तात,11
शक्रॊ,11
रम्या,11
इहागतः,11
पराणैर,11
कामं,11
वेगवान,11
विनेदुर,11
जग्मुः,11
यथागतम,11
ऽभयभाषत,11
अभिचक्राम,11
जनयाम,11
परमां,11
परीतिर,11
किल,11
बलवान,11
बलात,11
निर्मितं,11
हतम,11
कारणं,11
परहसन्न,11
दशग्रीवॊ,11
सलक्ष्मणः,11
सथितं,11
दिशश,11
अग्रतॊ,11
मत्कृते,11
अहॊ,11
बरह्मा,11
सौमित्रिं,11
दरक्ष्यामि,11
हरिभिर,11
परददौ,11
निशाम,11
सुसमाहितः,11
मन्त्रिभिः,11
बाहू,11
परवर्तते,11
महायशः,11
लक्ष्यते,11
तासां,11
राक्षसाधिपम,11
धरुवम,11
सार्धम,11
शतशॊ,11
कुलं,11
नादं,11
मुखम,11
तपॊ,11
दर्शनं,11
दरुतम,11
लॊकं,11
मेदिनी,11
महेन्द्रस्य,11
खरः,11
पुरुषव्याघ्र,11
युक्ता,11
युक्तः,11
सुराणाम,11
शैलं,11
सुखी,11
चापं,11
ययुर,11
अकरॊत,11
कैकेयीम,11
शुभे,11
ऋते,11
हृष्टः,11
काकुत्स्थम,11
कामरूपिणः,11
हितम,11
पतिं,11
मतिर,11
दत्ता,11
वानरैर,11
कुर्याद,11
भित्त्वा,11
महात्मनाम,11
चिरम,11
कालं,11
पुत्रान,11
परकाशते,11
पञ्चत्वम,11
मारुतः,11
शूरः,11
गिरेः,11
दुर्धर्षॊ,11
नरशार्दूल,11
निर्ययौ,11
अस्मान,11
अथॊ,11
देवान,11
अस्या,11
धरण्यां,11
सयान,11
भविष्यामि,11
वयाजहार,11
गङ्गां,11
महास्वनम,11
अवेक्ष्य,11
करॊधात,11
इदानीं,11
अवश्यं,11
तरयः,10
इमे,10
वासः,10
रम्यां,10
महाद्युतिः,10
राक्षसराजस्य,10
बाणान,10
आभरणानि,10
धर्मज्ञः,10
हरयः,10
रूपेण,10
भरातुः,10
परॊवाच,10
नीलं,10
महात्मानौ,10
भीरु,10
सुव्रत,10
वृक्षान,10
अन्यॊन्यं,10
कषमं,10
यदा,10
शरियम,10
पितामहम,10
पितामहः,10
वरारॊहे,10
परिया,10
मानुषं,10
कृपणं,10
महानादं,10
वसुधा,10
रम्ये,10
तैस,10
शक्यम,10
इमां,10
शॊभते,10
चिराय,10
भूमिं,10
भयात,10
दुःखार्ता,10
सलिलं,10
सहस्राणि,10
दीप्तम,10
लङ्कायां,10
यथाविधि,10
महाबल,10
शिखरं,10
परदक्षिणं,10
हृदये,10
दविपः,10
अदृश्यत,10
रात्रौ,10
शब्दॊ,10
कस,10
जलम,10
आरुह्य,10
तवैव,10
कस्माद,10
हता,10
आददे,10
चचाल,10
गते,10
खे,10
परीत्या,10
भास्करः,10
लक्ष्म्या,10
कथयाम,10
भाति,10
रथे,10
रथः,10
विदितं,10
दरक्ष्यन्ति,10
सचिवैः,10
मृत्युर,10
सहलक्ष्मणः,10
दशाननः,10
परजा,10
मुहूर्तेन,10
धीमान,10
तवत्कृते,10
आश्रमं,10
पुत्रसहस्राणि,10
वपुषा,10
पश्यन्ति,10
आत्मानम,10
परभाते,10
आगताः,10
गमने,10
गमनं,10
निहते,10
कपिर,10
दैवं,10
वानरं,10
युक्तम,10
कालेन,10
कालस्य,10
युद्धाय,10
मन्दं,10
वक्तुं,10
देवताः,10
कैकेयीं,10
जाम्बवान,10
निहतॊ,10
दीर्घम,10
देवा,10
कार्या,10
वाणीं,10
परश्रितं,10
पतिः,10
वस,10
महर्षयः,10
भयाद,10
तरीन,10
शरुतः,10
शरुतम,10
तस्यैव,10
परवेक्ष्यामि,10
आमन्त्र्य,10
समीपं,10
समीपे,10
गवां,10
शशंस,10
मुनिपुंगवः,10
शूराः,10
लक्ष्मणश,10
परीतः,10
वयादिदेश,10
परिगृह्य,10
रसातलम,10
शत्रून,10
भूतानां,10
आगच्छ,10
ताडयाम,10
दरुमाः,10
हिमवान,10
वाक्यविशारदः,10
शरैस,10
यॊद्धुं,10
आनय,10
महात्मा;,10
ललाटे,9
काञ्चनं,9
दारुणं,9
हर्षम,9
वासॊ,9
ममापि,9
राक्षसेन्द्रॊ,9
आविशत,9
शशाक,9
ऋषिः,9
ऋषिं,9
तरिशिरा,9
वधॊ,9
वधे,9
वधम,9
मैथिलि,9
परियां,9
शरीरं,9
सुतं,9
चैनं,9
वृथा,9
ससैन्यॊ,9
आख्याहि,9
उपागतम,9
उपागतः,9
विविधानि,9
महति,9
रजनी,9
पूजां,9
अभवद,9
शरेष्ठ,9
अब्रवील,9
कषमम,9
सवर्गे,9
समागताः,9
सथानं,9
दण्डकारण्ये,9
निरन्तरम,9
समन्ताद,9
इन्द्रजित,9
परतिगृह्णीष्व,9
देशस्य,9
जञातुम,9
दुःखितॊ,9
पुत्रस,9
करियताम,9
तेजॊ,9
तेजः,9
वदनं,9
तांश,9
दुरात्मनः,9
गुरुः,9
भूमिर,9
दिवाकरः,9
विजयं,9
शुश्रुवे,9
तवरितं,9
उपेत्य,9
रक्षिता,9
जज्वाल,9
परीतिम,9
पादपाः,9
तरातुम,9
आत्मनश,9
अनुस्मरन,9
जानकीम,9
जले,9
बलाद,9
यौवराज्ये,9
वृक्षैः,9
रुदती,9
पुण्यं,9
हताः,9
रणमूर्धनि,9
खम,9
वृतम,9
पराञ्जलयः,9
जनाः,9
परत्युवाचेदं,9
पलवगर्षभाः,9
भविता,9
पराप्तम,9
अभयं,9
इवाम्बरे,9
रॊहिणीम,9
रॊषात,9
तथेत्य,9
नयवर्तत,9
ववन्दे,9
धर्मः,9
पश्यन,9
याति,9
शवॊ,9
लॊकांस,9
तरिभिर,9
तीक्ष्णैः,9
रुरॊद,9
वाप्य,9
संप्रेक्ष्य,9
तस्याः,9
ओजसा,9
खरं,9
विष्णॊः,9
वनानि,9
दक्षिणं,9
सुषेणं,9
शुभां,9
वैरं,9
उवास,9
तपश,9
ससर्ज,9
पतितं,9
पश्चिमां,9
फलानि,9
सागरः,9
परतस्थे,9
विष्णुर,9
तॊयदः,9
राक्षसास,9
निर्बिभेद,9
रमते,9
अगमत,9
साक्षाद,9
धर्मवित,9
आरेभे,9
पतिर,9
मुमॊह,9
धारयितुं,9
नगरी,9
नगरं,9
निशितैः,9
पार्श्वे,9
कृताञ्जलिः,9
यमक्षयम,9
शरुतं,9
संतापं,9
कालम,9
समीपम,9
यदृच्छया,9
विनाशाय,9
गृहाण,9
तापसं,9
वधिष्यति,9
अधिकं,9
शूरॊ,9
मह्यं,9
नरः,9
येषां,9
वानरर्षभाः,9
कीर्तिं,9
बाष्पं,9
माचिरम,9
चित्रं,9
उपागम्य,9
विशालाक्षि,9
वर्षाणि,9
अनृतं,9
राजञ,9
यमसादनम,9
दरुमान,9
निष्पपात,9
इवानलम,9
परेत्य,9
आत्मवान,9
अनाथवत,9
ऋषयॊ,9
तरयॊ,8
शक्तिर,8
शतक्रतुः,8
इवाचलः,8
बद्ध्वा,8
दुष्टात्मा,8
नरर्षभ,8
राक्षसेन्द्रम,8
पराक्रमम,8
वाक्यज्ञॊ,8
भक्षिता,8
रात्रिं,8
शासनम,8
अन्यथा,8
मातुर,8
देशॊ,8
समर्थॊ,8
असौ,8
तमः,8
परमा,8
अतिक्रम्य,8
चैनम,8
इवाभाति,8
शूलं,8
नीलॊ,8
गन्तुं,8
गुणान,8
बभूवुस,8
खरस्य,8
सर्वैः,8
अर्थं,8
पुरम,8
गुहः,8
गुहॊ,8
शरियं,8
वरजेत,8
पुमान,8
महाप्राज्ञ,8
परवीरहा,8
महावेगॊ,8
वरारॊहा,8
देवैर,8
गगने,8
अवाकिरत,8
भरतेन,8
रक्षां,8
तत्रैव,8
गिरिं,8
विषादं,8
विस्मयम,8
परदक्षिणम,8
वधिष्यामि,8
आज्ञाय,8
अस्माकं,8
शक्रः,8
गिरिः,8
जघ्नुर,8
धनुषा,8
लङ्काया,8
रावणिं,8
जग्मुस,8
यशस्विनीम,8
नौर,8
महेन्द्रम,8
राक्षसानाम,8
गच्छन्तं,8
गच्छन्ति,8
तवरितॊ,8
अथाब्रुवन,8
अन्यः,8
मर्दितुम,8
सवयम्भूर,8
आशां,8
अभाषत,8
मार्गम,8
शत्रुघ्न,8
दीनं,8
शक्ताः,8
रिपुम,8
सुमहातेजा,8
समः,8
विनशिष्यति,8
तस्मान,8
पराणा,8
उत्पाट्य,8
दशग्रीवं,8
चतुर्भिः,8
महाबाहुं,8
जनकस्य,8
गतौ,8
वयाहृतं,8
भक्त्या,8
पुरुषं,8
भामिनि,8
परकाशन्ते,8
संपरिष्वज्य,8
मन्त्रिणः,8
मारीचं,8
आविश्य,8
शरीमाञ,8
सुमहत,8
परित्यज्य,8
एनम,8
रणाजिरे,8
रथॊ,8
एष्यति,8
मुनिर,8
तस्थुः,8
आर्यं,8
सहस्रं,8
दवारम,8
आश्रमे,8
आश्रितः,8
बरुवन,8
करॊधमूर्छितः,8
जानीषे,8
सुकृतं,8
कारणम,8
हनूमांश,8
नयपतद,8
आगमिष्यति,8
बुद्ध्वा,8
परष्टुं,8
राजानॊ,8
अशॊकवनिकां,8
अभिगम्य,8
भवता,8
हनूमता,8
पृथक,8
दुर्मतिः,8
अङ्गदः,8
शर्वरी,8
मुखं,8
निहता,8
निहतः,8
बुध्यसे,8
दिव्यम,8
रावणाय,8
विप्रियं,8
विमले,8
सर्वरक्षसाम,8
सखा,8
अङ्गदॊ,8
अग्निं,8
दीप्ततेजसं,8
शेकुर,8
अपातयत,8
कृताः,8
तरैलॊक्यं,8
पश्यतु,8
मुनिपुंगव,8
अभ्यधावन्त,8
गगनं,8
शासनात,8
दीयताम,8
शॊणितम,8
मांसानि,8
धारयन,8
विससर्ज,8
नाद्य,8
दृष्टं,8
बरह्मलॊकं,8
पतिम,8
कुर्वन्ति,8
दुःखाद,8
खल्व,8
परतिज्ञाम,8
दिव्या,8
काश,8
इहैव,8
वाल्मीकिर,8
अन्यैश,8
एषां,8
कारयाम,8
इवाबभौ,8
तुमुलं,8
धनं,8
चिन्तां,8
अप्रियम,8
भरते,8
भीता,8
वाक्यैर,8
ररास,8
वनौकसः,8
कुञ्जरम,8
यत्नं,8
नय,8
यावन,8
कालाग्निर,8
इच्छाम्य,8
सूतम,8
परहृष्टा,8
दैवतं,8
नरा,8
कुर्वन,8
ततश,8
दण्डकावनम,8
तस्मिंस,8
महाहवे,8
धिग,8
पश्चाद,8
सन्ति,8
मुखेन,8
पुरॊहितम,8
भान्ति,8
कृथाः,8
षष्टिः,8
संक्रुद्धः,8
कृतवान,8
शरीर,8
संप्रति,8
वानर,8
राक्षसस्य,8
अद्भुतम,8
सुग्रीवे,8
चाहं,8
मॊहम,8
आहुर,8
जगामाकाशम,7
परियाम,7
चतुरॊ,7
एतच,7
नराधिपः,7
मुहूर्ते,7
पुरतः,7
दशरथात्मजम,7
वसुंधरा,7
दविजान,7
इवान्तकः,7
यमस्य,7
पुप्लुवे,7
शरीरे,7
अग्नेर,7
आनयिष्यामि,7
कर्मसु,7
गुहाम,7
जाम्बवन्तं,7
उत्तिष्ठ,7
चेदं,7
संगतः,7
सशरं,7
वानरम,7
बुद्धिमान,7
लाङ्गूलं,7
नीलः,7
कथां,7
संप्राप्तः,7
परिशुष्यता,7
यथॊक्तं,7
सीतेति,7
दास्यामि,7
आत्मजम,7
यानि,7
वीर्येण,7
गुणाः,7
हरियूथपः,7
रामेणाक्लिष्टकर्मणा,7
परणिपत्य,7
भुङ्क्ष्व,7
सुरसा,7
महीम,7
महामुनिम,7
माल्यवान,7
जग्मतुर,7
तवद्विधॊ,7
समुद्र,7
परियः,7
अभ्यवादयत,7
यूयं,7
हीना,7
महॊदधिः,7
यशः,7
गिरिम,7
बुध्यते,7
महागजः,7
करिष्यन्ति,7
वालिना,7
वालिनः,7
अवैक्षत,7
हनुमता,7
यथेष्टं,7
उपादाय,7
सुस्राव,7
धरणीं,7
ववौ,7
चॊभौ,7
कृत्यं,7
कृत्यम,7
दुःखिता,7
समृतः,7
पुत्रक,7
कामः,7
परधर्षयितुम,7
नियतॊ,7
सुरा,7
रावणिम,7
विप्रदुद्रुवुः,7
जनस्थानं,7
जनस्थाने,7
निशाचरैः,7
सनेहात,7
बाणम,7
युगान्ताग्निर,7
आसीन,7
अकल्पयत,7
समुत्पत्य,7
सलिले,7
अन्यद,7
शयने,7
दण्डॊ,7
चकाशिरे,7
परजापतिः,7
नेतुं,7
नेतुम,7
वीराः,7
भवद्भिः,7
वरयाम,7
अध्यास्ते,7
चक्रुस,7
साम्प्रतम,7
लक्ष्मणाय,7
महीपतिम,7
शासनं,7
कुलस्य,7
सुबहून,7
दरक्ष्यसे,7
उपागमन,7
विव्यथे,7
चेति,7
आत्मनॊ,7
ऽसमीति,7
दण्डेन,7
कुम्भकर्णः,7
समॊ,7
तथापरे,7
अमृतं,7
शरांश,7
निपेतुः,7
कषन्तुम,7
वालिनम,7
समं,7
समम,7
भरातृभिः,7
दयौर,7
आसीनं,7
सचिवान,7
खं,7
तयॊः,7
परभया,7
रक्षॊभिर,7
कुतॊ,7
महाकायं,7
अनुत्तमाम,7
भूतैर,7
एतान,7
जगामाशु,7
यथापुरम,7
मिथ्या,7
सौमित्रिः,7
शिरः,7
शिरॊ,7
नयामि,7
अस्माद,7
वनौकसाम,7
गुणैः,7
कुमारम,7
लप्स्यसे,7
नयपातयत,7
सफलं,7
सुमन्त्रम,7
शॊकं,7
शॊकम,7
पराप्तौ,7
दरक्ष्यथ,7
समपद्यत,7
मासान,7
ननन्द,7
अरिंदमः,7
कपिकुञ्जरः,7
परतिज्ञां,7
सहलक्ष्मणम,7
भवत्य,7
दुर्गं,7
दवौ,7
आप्लुत्य,7
रुदन,7
परिपप्रच्छ,7
दशाननम,7
जवलन,7
शतसहस्राणि,7
परायम,7
घॊरम,7
संनिधौ,7
पुरुषॊत्तमः,7
मुनयः,7
पुरुषॊत्तमम,7
चक्रं,7
विक्रमेण,7
तिष्ठन्ति,7
सथिते,7
सशरीरॊ,7
कानने,7
भूतले,7
तस्यां,7
तस्यास,7
ताभ्यां,7
राक्षसेश्वरः,7
सवागतं,7
आलयम,7
सूर्य,7
लॊकॊ,7
लॊका,7
पृथिवीपतिः,7
भवन्ति,7
सुमित्रां,7
खरश,7
सुराणां,7
मन्युर,7
निपातितः,7
निर्जिताः,7
दक्षिणा,7
परैः,7
परययुः,7
विभॊ,7
पश्यति,7
पश्यतः,7
शुभाम,7
आकाशे,7
अन्यत्र,7
पश्येयं,7
पर्वणि,7
परविष्टा,7
हस्ते,7
सरः,7
मासं,7
परॊ,7
युद्धम,7
शक्यॊ,7
शब्देन,7
तुल्यॊ,7
राक्षसाश,7
समास्थाय,7
पर्याप्तं,7
सुदुःखितः,7
एषॊ,7
बाला,7
दृष्टॊ,7
तादृशं,7
गृहम,7
वयवर्धत,7
जयेष्ठॊ,7
दत्तम,7
परहस्तं,7
अस्त्व,7
वक्षसि,7
धर्मतः,7
तिष्ठेति,7
अनामयम,7
चरितं,7
विदित्वा,7
मृगः,7
यस्मिन,7
नृपात्मज,7
विधीयताम,7
दर्शय,7
तुमुलः,7
धर्मभृतां,7
धिक,7
पार्थिवम,7
विपुलां,7
भरतम,7
भरतस,7
शक्तः,7
पञ्च,7
दुरासदम,7
सायकैः,7
खयातॊ,7
चायं,7
तवरया,7
मुनिपुंगवम,7
पापम,7
रथेन,7
सूतः,7
अकारयत,7
सागरस्येव,7
समारुह्य,7
यथाकामं,7
दण्डकान,7
मत्तः,7
वाचम,7
सुप्ता,7
परमया,7
पावकं,7
बाधते,7
गदया,7
कथितं,7
ऊर्ध्वं,7
राक्षस्यॊ,7
विख्यातॊ,7
अविज्ञाय,7
शयानं,7
परमुखे,7
सर्वास,7
सर्वां,7
यथावत,7
दुष्करं,7
वीर्यम,7
सख्यं,7
भीमम,7
भूतं,7
पार्श्वतः,7
इवानलः,7
देहं,7
महात्मभिः,7
समुद्रम,7
अपश्यद,7
करिष्ये,7
मार्गितव्यस,7
करुद्धस,7
महाभागं,7
ऽगनिर,7
परभा,7
यान्ति,7
चाहम,7
मुष्टिना,7
पूजयाम,7
परतिगृह्य,6
विलपन,6
पुरस्तात,6
पर्वतान,6
इमम,6
भवत्या,6
हर्षं,6
नृशंसस्य,6
परिवार्य,6
विजानाति,6
परशशंस,6
वासम,6
अग्रे,6
समागतः,6
देवतानां,6
यश,6
आकाशं,6
निश्चयम,6
दविजाः,6
गिरौ,6
आगमनं,6
महाबलौ,6
नभश,6
नभः,6
सथास्यति,6
वधः,6
देवसंकाशं,6
समरेष्व,6
अवेक्षसे,6
देशः,6
यज्ञस्य,6
तीरम,6
अध्वानं,6
जातु,6
जाता,6
आयान्तं,6
सहितौ,6
वयाहर्तुम,6
दिव्यां,6
मूर्छितः,6
यथार्हम,6
पराप्ताः,6
पितॄन,6
वासवं,6
वनवासाय,6
परचिच्छेद,6
आख्यातुं,6
उत्पाटयाम,6
संप्राप्तॊ,6
शूरं,6
वानरमुख्यानां,6
सर्वभूतहिते,6
नरेश्वर,6
तपॊधनम,6
पराविशद,6
भीमैर,6
नैतद,6
मानसं,6
सुग्रीवाय,6
कवचं,6
धर्म्यं,6
बभूवुः,6
विवशा,6
तास,6
परां,6
सर्वत्र,6
कपेः,6
महाप्राज्ञॊ,6
अर्थे,6
सप्त,6
दविजः,6
पराप्स्यसे,6
एकां,6
पृथिवी,6
धनुश,6
याश,6
संज्ञां,6
नान्यं,6
सारथिं,6
अनुज्ञातुम,6
सहस्रेण,6
महावेगं,6
यस्मात,6
अन्तरं,6
बाणेन,6
अनुमान्य,6
सर्वभूतेषु,6
परहृष्टवत,6
दातुं,6
अपरे,6
गॊदावरीं,6
पराप्स्यसि,6
मात्रा,6
उत्ससर्ज,6
परमर्षयः,6
वरुणालयम,6
जानकीं,6
शूर्पणखा,6
परिषस्वजे,6
मुनेः,6
धन्वी,6
विष्णुं,6
वनवासस्य,6
सर्वेषाम,6
अस्माकम,6
आत्मा,6
तरातारं,6
शरेयॊ,6
शरेष्ठः,6
केवलं,6
रौद्रं,6
पराप्तकालं,6
पराणैः,6
पुत्रे,6
पुत्रौ,6
निवेशनम,6
वचनान,6
परत्ययं,6
परचक्रमे,6
नियतं,6
वाक्यकॊविदम,6
वसुधां,6
नागसहस्रस्य,6
दृष्टिं,6
देवता,6
परत्यपद्यत,6
बाणं,6
अधर्मॊ,6
पादुके,6
पर्वतं,6
परमदा,6
तांस,6
दुरात्मना,6
कथयस्व,6
अव्यग्रं,6
नारी,6
नगराणि,6
अन्यं,6
शयनं,6
तापसान,6
विक्रम्य,6
दवितीयं,6
जीवामि,6
मायां,6
महात्मने,6
शिलाः,6
महीपतिः,6
बरवीम्य,6
आलम्ब्य,6
परतापवान,6
शरवर्षेण,6
करॊमि,6
परदीयताम,6
शरम,6
शरं,6
कर्मणः,6
गमनायॊपचक्रमे,6
हतौ,6
वरज,6
वरय,6
राघवस,6
विज्ञाय,6
धारयिष्यति,6
वन्यं,6
पम्पां,6
अवतीर्य,6
निषसाद,6
भजस्व,6
पतन्ति,6
अन्नम,6
सहस्रधा,6
सुप्रीतॊ,6
सरांसि,6
आसीनम,6
अवाप्स्यसि,6
परसुप्ता,6
अवस्थितम,6
मन्दाकिनीं,6
वज्रं,6
आहारयत,6
कर्तव्यम,6
गतं,6
विदधे,6
आविध्य,6
समाधाय,6
अपतद,6
परिवृतॊ,6
भास्करम,6
ऽनघ,6
पराञ्जलयॊ,6
पराणिनॊ,6
अगस्त्यं,6
शाश्वतम,6
विविधाः,6
शक्ष्यामि,6
तुभ्यं,6
विमानम,6
शिरश,6
तरस्ता,6
नौ,6
वनॊद्देशे,6
भार्याम,6
नावबुध्यते,6
शर्म,6
ऽसम्य,6
गुणैर,6
बलीयसा,6
करॊधेन,6
हनिष्यामि,6
आश्रमपदं,6
विनिःश्वस्य,6
यान्तं,6
पराप्तः,6
पराप्ता,6
निशितान,6
उष्णं,6
पूरयाम,6
आगमत,6
दवाव,6
कषयं,6
तपस्विनः,6
शत्रुघ्नं,6
अरिंदमम,6
यथैव,6
सचिवैर,6
मृत्युं,6
पुण्ये,6
संजज्ञे,6
ऽङगदः,6
धर्मश,6
अथॊवाच,6
रामाद,6
आपन्नः,6
यास्यामि,6
शनैः,6
गम्यतां,6
शवः,6
सौमित्रिणा,6
दवारि,6
चैतद,6
विगतज्वरः,6
तरिभिः,6
शेरते,6
रक्ष,6
आजग्मुः,6
आजग्मुर,6
विनाशॊ,6
एकम,6
एकस,6
राक्षसौ,6
कैकेय्याः,6
तयक्ष्यामि,6
करॊम्य,6
कौतूहलं,6
शतशस,6
नान्यथा,6
ते;,6
नर्दतां,6
वरुणस्य,6
निजघान,6
वशं,6
भगिनी,6
गात्राणि,6
आयतम,6
पुष्पकेण,6
मातॄणां,6
जगाद,6
समन्वितः,6
सस्वजे,6
जानामि,6
हरीणां,6
सद्यः,6
सद्यॊ,6
पार्श्वम,6
भवन्तः,6
ववृधे,6
सूर्यः,6
सूर्यॊ,6
सखे,6
अग्निर,6
एक,6
शत्रुं,6
खरस,6
अकाले,6
विष्णॊर,6
निपातितम,6
कामरूपिणाम,6
आचक्ष्व,6
सम्यग,6
संगताः,6
शरण्यं,6
आकाशम,6
कषणेन,6
बभूवतुः,6
सत्येन,6
जनस्य,6
पतितॊ,6
देवॊ,6
चन्द्रमा,6
सभार्यः,6
पराप्स्यति,6
कार्याणि,6
हेतॊर,6
रिपॊः,6
रॊषेण,6
परतिज्ञा,6
वयथिता,6
शरवर्षैर,6
जनकात्मजे,6
राज्ञश,6
भक्षयिष्यामि,6
लब्ध्वा,6
महाभाग,6
चॊदयाम,6
पुरुषर्षभः,6
चुक्षुभे,6
दाशरथी,6
पराणिनां,6
अभ्यवर्षत,6
देवानाम,6
रावण,6
विपर्ययः,6
मन्त्रिणॊ,6
अशॊभत,6
विधूम,6
तॊयं,6
संचिन्त्य,6
शुभैः,6
वयक्तम,6
भक्षयन,6
उक्तॊ,6
शरमं,6
विचरन्ति,6
विद्रवन्ति,6
चिन्ताम,6
गात्रेषु,6
मूलं,6
कुशली,6
कुशलम,6
रजनीं,6
सारथे,6
भरतश,6
शक्तॊ,6
निशाचर,6
जानासि,6
निर्ययुर,6
सुतान,6
नृपः,6
विहायसं,6
लॊकाः,6
सायकैर,6
हनुमन,6
ताश,6
समये,6
समयॊ,6
अनुजग्मुर,6
निशितं,6
आगतॊ,6
सुतॊ,6
परस्परं,6
आजहार,6
दुर्धर्षा,6
दुर्धर्षं,6
लक्ष्मणस,6
मानद,6
विविशुर,6
विविशुः,6
तूष्णीम,6
बहूनि,6
तवयाहं,6
ईदृशं,6
मध्येन,6
परमप्रीतः,6
कीर्तिर,6
राजर्षेर,6
महाभागां,6
रिपुं,6
दुःखतरं,6
ननु,6
देवास,6
भावं,6
मुमुचुर,6
सत्रिया,6
सत्रियॊ,6
विशालाक्षी,6
महार्हाणि,6
दहति,6
आसुः,6
तेनैव,6
तरयाणाम,6
पेतुर,6
इवॊत्थितः,6
सर्वस्य,6
ददाह,6
शॊकसागरे,6
जायते,6
गमनाय,6
शिखरे,6
संदधे,6
भूत,6
गङ्गाम,6
हिते,6
सर्वाम,6
राक्षसीं,6
वानरानीकं,6
काम,6
इवॊदितः,6
नाहम,6
बहवः,6
इदानीम,6
विश्रान्तः,6
ऽमबरे,6
शरॊतुं,6
आर्य,6
करुद्धं,6
पृथिव्याम,6
अन्तःपुरं,6
अश्रूणि,6
दुराधर्षं,6
उदैक्षत,6
अनन्तरम,6
धृतिमान,6
